month,product,qty,lag_1,lag_3,lag_6,lag_12,rolling_mean_3,rolling_mean_6,rolling_std_3
2015-01-01,M01AB,396.88,378.7,301.245,349.16,363.38,403.0533333333333,367.0225,27.95596775884063
2015-02-01,M01AB,340.63,396.88,433.58,382.39,392.65,372.07,360.0625,28.705109301307406
2015-03-01,M01AB,491.14,340.63,378.7,309.34,433.98,409.55,390.36249999999995,76.05071794532911
2015-04-01,M01AB,462.5,491.14,396.88,301.245,335.63,431.42333333333335,417.2383333333333,79.92267784135699
2015-05-01,M01AB,492.39,462.5,340.63,433.58,297.67,482.01,427.03999999999996,16.90771125847606
2015-06-01,M01AB,448.93,492.39,491.14,378.7,346.92,467.94,438.74500000000006,22.23483977904945
2015-07-01,M01AB,493.15,448.93,462.5,396.88,349.16,478.1566666666667,454.79,25.31388815123689
2015-08-01,M01AB,581.43,493.15,492.39,340.63,382.39,507.8366666666666,494.92333333333335,67.45988536406894
2015-09-01,M01AB,490.01,581.43,448.93,491.14,309.34,521.5299999999999,494.73499999999996,51.898674356865705
2015-10-01,M01AB,572.43,490.01,493.15,462.5,301.245,547.9566666666666,513.0566666666667,50.38464183988326
2015-11-01,M01AB,448.65999999999997,572.43,581.43,492.39,433.58,503.7,505.76833333333326,63.01043802418761
2015-12-01,M01AB,456.72,448.65999999999997,490.01,448.93,378.7,492.6033333333333,507.0666666666666,69.24928471351396
2016-01-01,M01AB,543.94,456.72,572.43,493.15,396.88,483.1066666666666,515.5316666666666,52.83712457480371
2016-02-01,M01AB,514.43,543.94,448.65999999999997,581.43,340.63,505.03,504.365,44.363296766583915
2016-03-01,M01AB,458.40999999999997,514.43,456.72,490.01,491.14,505.59333333333325,499.09833333333336,43.44433488193057
2016-04-01,M01AB,479.7,458.40999999999997,543.94,572.43,462.5,484.1799999999999,483.64333333333326,28.27742739359405
2016-05-01,M01AB,531.38,479.7,514.43,448.65999999999997,492.39,489.8299999999999,497.43,37.52489706847957
2016-06-01,M01AB,500.02,531.38,458.40999999999997,456.72,448.93,503.7,504.6466666666666,26.03579075042642
2016-07-01,M01AB,601.914999996,500.02,479.7,543.94,493.15,544.438333332,514.3091666659999,52.18752540697282
2016-08-01,M01AB,613.73,601.914999996,531.38,514.43,581.43,571.888333332,530.859166666,62.51952941452171
2016-09-01,M01AB,497.54,613.73,500.02,458.40999999999997,490.01,571.0616666653333,537.3808333326666,63.94509487216305
2016-10-01,M01AB,598.62,497.54,601.914999996,479.7,572.43,569.9633333333334,557.2008333326667,63.17382712273609
2016-11-01,M01AB,489.690000004,598.62,613.73,531.38,448.65999999999997,528.616666668,550.2525,60.75158955268259
2016-12-01,M01AB,475.81,489.690000004,497.54,500.02,456.72,521.3733333346667,546.2175000000001,67.2565924888154
2017-01-01,M01AB,578.866250019,475.81,598.62,601.914999996,543.94,514.7887500076666,542.3760416705001,55.92502217974124
2017-02-01,M01AB,481.460000003,578.866250019,489.690000004,613.73,514.43,512.045416674,520.331041671,57.93745292726151
2017-03-01,M01AB,480.38,481.460000003,475.81,497.54,458.40999999999997,513.5687500073333,517.4710416710001,56.551872036492284
2017-04-01,M01AB,486.01,480.38,578.866250019,598.62,479.7,482.6166666676666,498.7027083376666,2.9879145452662454
2017-05-01,M01AB,415.64,486.01,481.460000003,489.690000004,531.38,460.6766666666667,486.36104167033335,39.10435056784944
2017-06-01,M01AB,355.98,415.64,480.38,475.81,500.02,419.21000000000004,466.38937500366666,65.08846979304322
2017-07-01,M01AB,469.895,355.98,486.01,578.866250019,601.914999996,413.8383333333333,448.2275000005,56.97886720823105
2017-08-01,M01AB,478.44,469.895,415.64,481.460000003,613.73,434.7716666666667,447.72416666666663,68.36921316157765
2017-09-01,M01AB,437.67,478.44,355.98,480.38,497.54,462.0016666666667,440.6058333333333,21.50062227781476
2017-10-01,M01AB,423.76,437.67,469.895,486.01,598.62,446.6233333333333,430.23083333333335,28.418255283061526
2017-11-01,M01AB,479.03,423.76,478.44,415.64,489.690000004,446.82,440.7958333333333,28.748653881528444
2017-12-01,M01AB,498.38,479.03,437.67,355.98,475.81,467.0566666666667,464.5291666666667,38.72410919999668
2018-01-01,M01AB,389.85,498.38,423.76,469.895,578.866250019,455.75333333333333,451.1883333333333,57.888190793401556
2018-02-01,M01AB,386.74,389.85,479.03,478.44,481.460000003,424.99,435.90500000000003,63.576623848706475
2018-03-01,M01AB,407.64,386.74,498.38,437.67,480.38,394.74333333333334,430.90000000000003,11.276570105011137
2018-04-01,M01AB,541.23,407.64,389.85,423.76,486.01,445.2033333333334,450.4783333333333,83.81552978615157
2018-05-01,M01AB,462.72,541.23,386.74,479.03,415.64,470.53000000000003,447.76000000000005,67.13657051115987
2018-06-01,M01AB,420.88,462.72,407.64,498.38,355.98,474.9433333333333,434.8433333333333,61.09900190128539
2018-07-01,M01AB,466.71,420.88,541.23,389.85,469.895,450.1033333333333,447.65333333333336,25.386658569675063
2018-08-01,M01AB,411.65,466.71,462.72,386.74,478.44,433.08,451.805,29.487809345556855
2018-09-01,M01AB,479.24,411.65,420.88,407.64,437.67,452.5333333333333,463.7383333333333,35.95602082173803
2018-10-01,M01AB,417.45,479.24,466.71,541.23,423.76,436.1133333333333,443.10833333333335,37.461207045866075
2018-11-01,M01AB,511.89,417.45,411.65,462.72,479.03,469.52666666666664,451.30333333333334,47.963423911698314
2018-12-01,M01AB,456.79,511.89,479.24,420.88,498.38,462.04333333333335,457.28833333333336,47.43866074556981
2019-01-01,M01AB,525.6,456.79,417.45,466.71,389.85,498.0933333333333,467.1033333333333,36.42066766731907
2019-02-01,M01AB,409.35,525.6,511.89,411.65,386.74,463.91333333333336,466.72,58.45145022438081
2019-03-01,M01AB,476.9,409.35,456.79,479.24,407.64,470.6166666666666,466.3300000000001,58.379155812098496
2019-04-01,M01AB,476.84000000000003,476.9,525.6,417.45,541.23,454.3633333333333,476.2283333333333,38.9827017192659
2019-05-01,M01AB,485.96,476.84000000000003,409.35,511.89,462.72,479.8999999999999,471.9066666666667,5.248199691317972
2019-06-01,M01AB,480.11,485.96,476.9,456.79,420.88,480.96999999999997,475.79333333333335,4.62042205863827
2019-07-01,M01AB,524.5,480.11,476.84000000000003,525.6,466.71,496.85666666666657,475.60999999999996,24.11785714638229
2019-08-01,M01AB,535.87,524.5,485.96,409.35,411.65,513.4933333333332,496.69666666666666,29.464460513189803
2019-09-01,M01AB,509.57,535.87,480.11,476.9,479.24,523.3133333333333,502.14166666666665,13.190096031998106
2019-10-01,M01AB,135.11,509.57,524.5,476.84000000000003,417.45,393.51666666666665,445.1866666666667,224.17276046240147
2015-01-01,M01AE,377.437,348.58299999999997,322.7939375,286.67,281.24,347.02666666666664,330.86265625000004,31.21760981134421
2015-02-01,M01AE,377.817,377.437,315.06,303.04,370.11,367.9456666666667,343.32548958333336,16.769637602921918
2015-03-01,M01AE,403.964,377.817,348.58299999999997,318.262,300.58,386.40599999999995,357.60915625,15.206861050196926
2015-04-01,M01AE,295.565,403.964,377.437,322.7939375,260.975,359.11533333333335,353.07099999999997,56.5676590671148
2015-05-01,M01AE,371.958,295.565,377.817,315.06,348.18899999999996,357.1623333333334,362.55400000000003,55.693532966883474
2015-06-01,M01AE,332.74,371.958,403.964,348.58299999999997,300.19,333.421,359.91350000000006,38.2010527734513
2015-07-01,M01AE,324.73,332.74,295.565,377.437,286.67,343.1426666666667,351.12899999999996,25.274148874558392
2015-08-01,M01AE,449.247,324.73,371.958,377.817,303.04,368.9056666666667,363.03400000000005,69.69280742180885
2015-09-01,M01AE,401.683,449.247,332.74,403.964,318.262,391.8866666666667,362.65383333333335,62.8338836324266
2015-10-01,M01AE,370.713,401.683,324.73,295.565,322.7939375,407.21433333333334,375.1785,39.558109476229056
2015-11-01,M01AE,403.877,370.713,449.247,371.958,315.06,392.09099999999995,380.4983333333333,18.546362770095797
2015-12-01,M01AE,375.081,403.877,401.683,332.74,348.58299999999997,383.2236666666667,387.5551666666667,18.019156177061458
2016-01-01,M01AE,405.823,375.081,370.713,324.73,377.437,394.92699999999996,401.0706666666667,17.214659915316183
2016-02-01,M01AE,404.924,405.823,403.877,449.247,377.817,395.276,393.68350000000004,17.495158444552406
2016-03-01,M01AE,489.397,404.924,375.081,401.683,403.964,433.38133333333326,408.3025,48.513072818914644
2016-04-01,M01AE,420.803,489.397,405.823,370.713,295.565,438.37466666666666,416.6508333333333,44.894259480843566
2016-05-01,M01AE,390.035,420.803,404.924,403.877,371.958,433.4116666666667,414.34383333333335,50.866842022414865
2016-06-01,M01AE,334.927,390.035,489.397,375.081,332.74,381.9216666666667,407.65149999999994,43.509096489508046
2016-07-01,M01AE,439.366,334.927,420.803,405.823,324.73,388.1093333333333,413.24199999999996,52.24612257702307
2016-08-01,M01AE,335.308,439.366,390.035,404.924,449.247,369.86699999999996,401.6393333333333,60.18820101149384
2016-09-01,M01AE,371.999,335.308,334.927,489.397,401.683,382.22433333333333,382.07300000000004,52.777219729096394
2016-10-01,M01AE,436.82,371.999,439.366,420.803,370.713,381.37566666666663,384.7425,51.401487763812064
2016-11-01,M01AE,344.347,436.82,335.308,390.035,403.877,384.3886666666667,377.1278333333333,47.465164197896975
2016-12-01,M01AE,376.442,344.347,371.999,334.927,375.081,385.86966666666666,384.047,46.95183283252445
2017-01-01,M01AE,481.851916701,376.442,436.82,439.366,405.823,400.880305567,391.12798611683337,71.93624686815939
2017-02-01,M01AE,377.188083339,481.851916701,344.347,335.308,404.924,411.82733334666665,398.1080000066666,60.64421543352797
2017-03-01,M01AE,329.699,377.188083339,376.442,371.999,489.397,396.2463333466667,391.05800000666665,77.8462599305284
2017-04-01,M01AE,315.811,329.699,481.851916701,436.82,420.803,340.899361113,370.88983334,32.184975634553986
2017-05-01,M01AE,344.527,315.811,377.188083339,344.347,390.035,330.01233333333334,370.91983333999997,14.360563962927388
2017-06-01,M01AE,302.678,344.527,329.699,376.442,334.927,321.0053333333333,358.62583334000004,21.40258218844938
2017-07-01,M01AE,363.996,302.678,315.811,481.851916701,439.366,337.067,338.98318055650003,31.33229932513721
2017-08-01,M01AE,321.131,363.996,344.527,377.188083339,335.308,329.26833333333326,329.64033333333333,31.45848734973328
2017-09-01,M01AE,352.015,321.131,302.678,329.699,371.999,345.714,333.35966666666667,22.116261144234862
2017-10-01,M01AE,282.395,352.015,363.996,315.811,436.82,318.51366666666667,327.7903333333333,34.883720061560695
2017-11-01,M01AE,355.56,282.395,321.131,344.527,344.347,329.99,329.62916666666666,41.256572506692756
2017-12-01,M01AE,373.792,355.56,352.015,302.678,376.442,337.24899999999997,341.48150000000004,48.37171118536118
2018-01-01,M01AE,315.139,373.792,282.395,363.996,481.851916701,348.16366666666664,333.33866666666665,30.017876546040473
2018-02-01,M01AE,405.971,315.139,355.56,321.131,377.188083339,364.96733333333333,347.47866666666664,46.054523255955296
2018-03-01,M01AE,316.502,405.971,373.792,352.015,329.699,345.8706666666667,341.5598333333333,52.0528768881541
2018-04-01,M01AE,340.939,316.502,315.139,282.395,315.811,354.47066666666666,351.31716666666665,46.24397249732474
2018-05-01,M01AE,304.853,340.939,405.971,355.56,344.527,320.76466666666664,342.866,18.41677480812891
2018-06-01,M01AE,335.354,304.853,316.502,373.792,302.678,327.04866666666663,336.4596666666667,19.423793922231845
2018-07-01,M01AE,407.278,335.354,340.939,315.139,363.996,349.16166666666663,351.8161666666667,52.590007609177334
2018-08-01,M01AE,341.797,407.278,304.853,405.971,321.131,361.47633333333334,341.1205,39.79601191493098
2018-09-01,M01AE,357.402,341.797,335.354,316.502,352.015,368.8256666666666,347.93716666666666,34.202565113355575
2018-10-01,M01AE,376.85,357.402,407.278,340.939,282.395,358.683,353.92233333333337,17.561575185614593
2018-11-01,M01AE,307.801,376.85,341.797,304.853,355.56,347.35099999999994,354.41366666666664,35.604888021169195
2018-12-01,M01AE,354.422,307.801,357.402,335.354,373.792,346.3576666666667,357.5916666666667,35.22380167348964
2019-01-01,M01AE,544.271,354.422,376.85,407.278,315.139,402.16466666666673,380.42383333333333,125.25588565146674
2019-02-01,M01AE,446.539,544.271,307.801,341.797,405.971,448.41066666666666,397.8808333333333,94.93833815868751
2019-03-01,M01AE,348.607,446.539,354.422,357.402,316.502,446.4723333333334,396.415,97.83201703600567
2019-04-01,M01AE,292.721,348.607,544.271,376.85,340.939,362.6223333333334,382.3935000000001,77.86087886309352
2019-05-01,M01AE,288.845,292.721,446.539,307.801,304.853,310.05766666666676,379.2341666666667,33.44090562968257
2019-06-01,M01AE,315.584,288.845,348.607,354.422,335.354,299.05000000000007,372.76116666666667,14.449419054065956
2019-07-01,M01AE,297.266,315.584,292.721,544.271,407.278,300.56500000000005,331.5936666666667,13.671359881153151
2019-08-01,M01AE,265.682,297.266,288.845,446.539,341.797,292.84400000000005,301.4508333333334,25.243176582989804
2019-09-01,M01AE,345.354,265.682,315.584,348.607,357.402,302.7673333333334,300.9086666666667,40.11988780310006
2019-10-01,M01AE,113.339,345.354,297.266,292.721,376.85,241.45833333333334,271.0116666666667,117.88905621953779
2015-01-01,N02BA,410.6,323.072,398.3125,376.9,440.8,397.124,383.8474166666667,68.31820056178293
2015-02-01,N02BA,389.79,410.6,457.7,383.4,519.5,374.4873333333333,384.9124166666666,45.7265393544421
2015-03-01,N02BA,408.6,389.79,323.072,330.0,465.96500000000003,402.9966666666667,398.01241666666664,11.480942179687608
2015-04-01,N02BA,373.6,408.6,410.6,398.3125,365.05,390.66333333333336,393.89366666666666,17.516336184640217
2015-05-01,N02BA,422.02,373.6,389.79,457.7,386.6,401.4066666666667,387.94700000000006,24.99864262981754
2015-06-01,N02BA,426.38,422.02,408.6,323.072,391.8,407.3333333333333,405.16499999999996,29.295148631357527
2015-07-01,N02BA,354.3,426.38,373.6,410.6,376.9,400.90000000000003,395.7816666666667,40.41562074248022
2015-08-01,N02BA,429.0,354.3,422.02,389.79,383.4,403.2266666666667,402.31666666666666,42.3919819462753
2015-09-01,N02BA,327.6,429.0,426.38,408.6,330.0,370.3,388.81666666666666,52.55939497368671
2015-10-01,N02BA,415.6,327.6,354.3,373.6,398.3125,390.73333333333335,395.81666666666666,55.08405697961375
2015-11-01,N02BA,462.7,415.6,429.0,422.02,457.7,401.9666666666667,402.59666666666664,68.57407187365594
2015-12-01,N02BA,395.2,462.7,327.6,426.38,323.072,424.5,397.40000000000003,34.618925459927176
2016-01-01,N02BA,538.3,395.2,415.6,354.3,410.6,465.40000000000003,428.06666666666666,71.5881973512393
2016-02-01,N02BA,398.6,538.3,462.7,429.0,389.79,444.0333333333333,423.0,81.65502638131544
2016-03-01,N02BA,434.0,398.6,395.2,327.6,408.6,456.9666666666667,440.73333333333335,72.62660210510553
2016-04-01,N02BA,421.55,434.0,538.3,415.6,373.6,418.05,441.72499999999997,17.957658533338783
2016-05-01,N02BA,420.8,421.55,398.6,462.7,422.02,425.45,434.7416666666666,7.414007013754045
2016-06-01,N02BA,343.65,420.8,434.0,395.2,426.38,395.3333333333333,426.15000000000003,44.76065050167762
2016-07-01,N02BA,430.9,343.65,421.55,538.3,354.3,398.45,408.25,47.726119683041475
2016-08-01,N02BA,389.1,430.9,420.8,398.6,429.0,387.8833333333334,406.6666666666667,43.637722595632
2016-09-01,N02BA,335.65,389.1,343.65,434.0,327.6,385.2166666666667,390.27500000000003,47.74359468382467
2016-10-01,N02BA,500.9,335.65,430.9,421.55,415.6,408.55,403.5,84.32447746651025
2016-11-01,N02BA,395.2,500.9,389.1,420.8,462.7,410.5833333333333,399.23333333333335,83.69214917382233
2016-12-01,N02BA,347.83333333400003,395.2,335.65,343.65,395.2,414.6444444446667,399.9305555556666,78.36399636236897
2017-01-01,N02BA,593.945833354,347.83333333400003,500.9,430.9,538.3,445.65972222933334,427.1048611146666,130.58513828962208
2017-02-01,N02BA,363.958333331,593.945833354,395.2,389.1,398.6,435.24583333966666,422.9145833365,137.67451256364723
2017-03-01,N02BA,313.55,363.958333331,347.83333333400003,335.65,434.0,423.81805556166665,419.2312500031667,149.475234068124
2017-04-01,N02BA,324.5,313.55,593.945833354,500.9,421.55,334.00277777699995,389.83125000316664,26.51371543959036
2017-05-01,N02BA,283.95,324.5,363.958333331,395.2,420.8,307.3333333333333,371.2895833365,20.977626970973525
2017-06-01,N02BA,286.95,283.95,313.55,347.83333333400003,343.65,298.46666666666664,361.1423611141666,22.595371945009315
2017-07-01,N02BA,248.1,286.95,324.5,593.945833354,430.9,272.99999999999994,303.5013888885,21.616139803396305
2017-08-01,N02BA,240.75,248.1,283.95,363.958333331,389.1,258.59999999999997,282.96666666666664,24.825339876826863
2017-09-01,N02BA,264.55,240.75,286.95,313.55,335.65,251.1333333333333,274.8,12.186502095896998
2017-10-01,N02BA,309.8,264.55,248.1,324.5,500.9,271.7,272.35,35.07588202739846
2017-11-01,N02BA,300.8,309.8,240.75,283.95,395.2,291.71666666666664,275.15833333333336,23.953514008038812
2017-12-01,N02BA,364.0,300.8,264.55,286.95,347.83333333400003,324.8666666666666,288.0,34.187912093798914
2018-01-01,N02BA,292.2,364.0,309.8,248.1,593.945833354,319.0,295.35,39.207652314312156
2018-02-01,N02BA,344.7,292.2,300.8,240.75,363.958333331,333.63333333333327,312.675,37.15727833592399
2018-03-01,N02BA,357.1,344.7,364.0,264.55,313.55,331.3333333333333,328.09999999999997,34.45291472913905
2018-04-01,N02BA,271.1,357.1,292.2,309.8,324.5,324.3,321.65000000000003,46.48784787447134
2018-05-01,N02BA,263.35,271.1,344.7,300.8,283.95,297.18333333333334,315.40833333333336,52.03384315359874
2018-06-01,N02BA,249.25,263.35,357.1,364.0,286.95,261.2333333333333,296.28333333333336,11.077717875686238
2018-07-01,N02BA,272.3,249.25,271.1,292.2,248.1,261.63333333333327,292.96666666666664,11.620491957455961
2018-08-01,N02BA,258.75,272.3,263.35,344.7,240.75,260.09999999999997,278.64166666666665,11.584148652359591
2018-09-01,N02BA,273.8,258.75,249.25,357.1,264.55,268.2833333333333,264.7583333333334,8.290104542965775
2018-10-01,N02BA,221.8,273.8,272.3,271.1,309.8,251.44999999999996,256.5416666666667,26.757569022614142
2018-11-01,N02BA,305.8,221.8,258.75,263.35,300.8,267.13333333333327,263.6166666666667,42.39496825489199
2018-12-01,N02BA,256.05,305.8,273.8,249.25,364.0,261.21666666666664,264.75,42.23767078489648
2019-01-01,N02BA,293.6,256.05,221.8,272.3,292.2,285.15,268.3,25.92908598466155
2019-02-01,N02BA,327.95,293.6,305.8,258.75,344.7,292.5333333333333,279.8333333333333,35.9618663772239
2019-03-01,N02BA,263.4,327.95,256.05,273.8,357.1,294.9833333333333,278.09999999999997,32.29722640310323
2019-04-01,N02BA,253.7,263.4,293.6,221.8,271.1,281.6833333333333,283.4166666666667,40.360572757745956
2019-05-01,N02BA,306.95,253.7,327.95,305.8,263.35,274.68333333333334,283.60833333333335,28.361520293053804
2019-06-01,N02BA,325.55,306.95,263.4,256.05,249.25,295.3999999999999,295.19166666666666,37.2915204838845
2019-07-01,N02BA,269.4,325.55,253.7,293.6,272.3,300.63333333333327,291.1583333333333,28.60298644081265
2019-08-01,N02BA,241.6,269.4,306.95,327.95,258.75,278.84999999999997,276.7666666666667,42.765377351310335
2019-09-01,N02BA,298.4,241.6,325.55,263.4,273.8,269.79999999999995,282.59999999999997,28.402112597480496
2019-10-01,N02BA,64.05,298.4,269.4,253.7,221.8,201.34999999999994,250.99166666666665,122.24985685063159
2015-01-01,N02BE,3101.1,2914.9,3152.510625,1454.6,2530.71,2781.7999999999997,2626.4034375,402.699553016887
2015-02-01,N02BE,2807.686,3101.1,2329.4,1688.15,2943.88,2941.2286666666673,2812.992770833333,148.46832276729705
2015-03-01,N02BE,3411.12,2807.686,2914.9,2572.36,2487.625,3106.635333333333,2952.786104166667,301.75507953526574
2015-04-01,N02BE,2761.31,3411.12,3101.1,3152.510625,2008.4,2993.372,2887.586,362.5227261455495
2015-05-01,N02BE,2416.1,2761.31,2807.686,2329.4,1855.46,2862.843333333333,2902.036,505.22070764501956
2015-06-01,N02BE,2089.239,2416.1,3411.12,2914.9,1753.055,2422.2163333333333,2764.4258333333332,336.0772447077213
2015-07-01,N02BE,2082.6059999999998,2089.239,2761.31,3101.1,1454.6,2195.9816666666666,2594.6768333333334,190.6569161460797
2015-08-01,N02BE,2435.242,2082.6059999999998,2416.1,2807.686,1688.15,2202.362333333333,2532.6028333333334,201.70697442660062
2015-09-01,N02BE,2516.775,2435.242,2089.239,3411.12,2572.36,2344.8743333333337,2383.5453333333335,230.76051768951606
2015-10-01,N02BE,4503.605,2516.775,2082.6059999999998,2761.31,3152.510625,3151.874,2673.927833333333,1171.3430026226306
2015-11-01,N02BE,3966.625,4503.605,2435.242,2416.1,2329.4,3662.3349999999996,2932.3486666666668,1027.773158483914
2015-12-01,N02BE,3576.497,3966.625,2516.775,2089.239,2914.9,4015.575666666666,3180.225,465.48838518413567
2016-01-01,N02BE,4662.822,3576.497,4503.605,2082.6059999999998,3101.1,4068.6479999999997,3610.261,550.3017543157582
2016-02-01,N02BE,3628.386,4662.822,3966.625,2435.242,2807.686,3955.9016666666666,3809.1183333333333,612.7604632646711
2016-03-01,N02BE,3384.05,3628.386,3576.497,2516.775,3411.12,3891.7526666666668,3953.664166666667,678.8489948650836
2016-04-01,N02BE,2900.149,3384.05,4662.822,4503.605,2761.31,3304.1949999999997,3686.4215000000004,370.6277078295695
2016-05-01,N02BE,3150.1620000000003,2900.149,3628.386,3966.625,2416.1,3144.7870000000003,3550.344333333334,241.9952735468207
2016-06-01,N02BE,2251.55,3150.1620000000003,3384.05,3576.497,2089.239,2767.2870000000003,3329.5198333333337,463.8050397731791
2016-07-01,N02BE,2036.086,2251.55,2900.149,4662.822,2082.6059999999998,2479.266,2891.7305,590.9164627390237
2016-08-01,N02BE,2012.850000074,2036.086,3150.1620000000003,3628.386,2435.242,2100.1620000246667,2622.4745000123335,131.61961413686873
2016-09-01,N02BE,3154.597,2012.850000074,2251.55,3384.05,2516.775,2401.1776666913333,2584.2323333456666,652.5837086348364
2016-10-01,N02BE,4955.075000037,3154.597,2036.086,2900.149,4503.605,3374.1740000369996,2926.7200000185003,1483.3517896341232
2016-11-01,N02BE,3138.658,4955.075000037,2012.850000074,3150.1620000000003,3966.625,3749.443333345667,2924.802666685167,1044.138065452526
2016-12-01,N02BE,4444.981,3138.658,3154.597,2251.55,3576.497,4179.571333345666,3290.3745000184995,936.842781832165
2017-01-01,N02BE,4756.53650001,4444.981,4955.075000037,2036.086,4662.822,4113.391833336666,3743.7829166868337,858.397484726637
2017-02-01,N02BE,2052.5949999639997,4756.53650001,3138.658,2012.850000074,3628.386,3751.3708333246664,3750.4070833351666,1479.4073835168908
2017-03-01,N02BE,1798.9,2052.5949999639997,4444.981,3154.597,3384.05,2869.343833324667,3524.4575833351664,1639.2719143402842
2017-04-01,N02BE,1702.0,1798.9,4756.53650001,4955.075000037,2900.149,1851.1649999879999,2982.2784166623333,181.04677894883685
2017-05-01,N02BE,1578.62,1702.0,2052.5949999639997,3138.658,3150.1620000000003,1693.1733333333334,2722.272083329,110.4049461452418
2017-06-01,N02BE,1477.0,1578.62,1798.9,4444.981,2251.55,1585.8733333333332,2227.608583329,112.67523300767394
2017-07-01,N02BE,1493.55,1477.0,1702.0,4756.53650001,2036.086,1516.39,1683.7774999940002,54.52435510852204
2017-08-01,N02BE,1601.9,1493.55,1578.62,2052.5949999639997,2012.850000074,1524.1499999999999,1608.6616666666666,67.84005085493543
2017-09-01,N02BE,2407.3,1601.9,1477.0,1798.9,3154.597,1834.25,1710.0616666666667,499.22405540999364
2017-10-01,N02BE,3733.2,2407.3,1493.55,1702.0,4955.075000037,2580.7999999999997,2048.595,1076.1907869889988
2017-11-01,N02BE,2536.4719999999998,3733.2,1601.9,1578.62,3138.658,2892.324,2208.2369999999996,731.0784410225764
2017-12-01,N02BE,3159.565,2536.4719999999998,2407.3,1477.0,4444.981,3143.0789999999997,2488.6645,598.53430782454
2018-01-01,N02BE,3287.675,3159.565,3733.2,1493.55,4756.53650001,2994.5706666666665,2787.6853333333333,401.8629546578468
2018-02-01,N02BE,3763.46,3287.675,2536.4719999999998,1601.9,2052.5949999639997,3403.566666666667,3147.9453333333336,318.1909042671311
2018-03-01,N02BE,2927.607,3763.46,3159.565,2407.3,1798.9,3326.2473333333332,3234.663166666667,419.259380427361
2018-04-01,N02BE,2583.46,2927.607,3287.675,3733.2,1702.0,3091.509,3043.0398333333337,606.8343259926888
2018-05-01,N02BE,1879.419,2583.46,3763.46,2536.4719999999998,1578.62,2463.4953333333333,2933.5309999999995,534.2922063555988
2018-06-01,N02BE,1717.817,1879.419,2927.607,3159.565,1477.0,2060.2320000000004,2693.239666666667,460.2765001485524
2018-07-01,N02BE,2102.912,1717.817,2583.46,3287.675,1493.55,1900.0493333333332,2495.7791666666667,193.37463056547418
2018-08-01,N02BE,2114.4139999999998,2102.912,1879.419,3763.46,1601.9,1978.381,2220.938166666667,225.72831584229817
2018-09-01,N02BE,3300.886,2114.4139999999998,1717.817,2927.607,2407.3,2506.0706666666665,2283.1513333333332,688.3542943697918
2018-10-01,N02BE,3302.725,3300.886,2102.912,2583.46,3733.2,2906.008333333333,2403.0288333333333,685.5414188102234
2018-11-01,N02BE,2923.35,3302.725,2114.4139999999998,1879.419,2536.4719999999998,3175.6536666666666,2577.017333333333,218.50331951788257
2018-12-01,N02BE,3744.55,2923.35,3300.886,1717.817,3159.565,3323.5416666666665,2914.8061666666667,410.9955720057505
2019-01-01,N02BE,4828.024,3744.55,3302.725,2102.912,3287.675,3831.9746666666665,3368.9915,955.3418580933919
2019-02-01,N02BE,3102.348,4828.024,2923.35,2114.4139999999998,3763.46,3891.640666666666,3533.647166666667,872.1904393017243
2019-03-01,N02BE,2922.75,3102.348,3744.55,3300.886,2927.607,3617.7073333333333,3470.6245000000004,1052.004603416418
2019-04-01,N02BE,1893.35,2922.75,4828.024,3302.725,2583.46,2639.4826666666663,3235.7286666666673,652.3797418692077
2019-05-01,N02BE,2068.224,1893.35,3102.348,2923.35,1879.419,2294.7746666666662,3093.2076666666667,550.8266455295478
2019-06-01,N02BE,1922.062,2068.224,2922.75,3744.55,1717.817,1961.2119999999995,2789.459666666667,93.78043955964841
2019-07-01,N02BE,1796.575,1922.062,1893.35,4828.024,2102.912,1928.9536666666663,2284.2181666666665,135.95556664710054
2019-08-01,N02BE,1519.35,1796.575,2068.224,3102.348,2114.4139999999998,1745.9956666666665,2020.3851666666667,206.06537908230538
2019-09-01,N02BE,3004.44,1519.35,1922.062,2922.75,3300.886,2106.788333333333,2034.0001666666667,789.6501194569239
2019-10-01,N02BE,934.85,3004.44,1796.575,1893.35,3302.725,1819.5466666666664,1874.2501666666667,1066.9532421963645
2015-01-01,N05B,1332.0,1439.0,1231.1875,1004.0,997.0,1441.6666666666667,1339.53125,111.02402142479491
2015-02-01,N05B,772.0,1332.0,1554.0,1306.0,1064.0,1181.0,1250.53125,358.22199820781526
2015-03-01,N05B,666.0,772.0,1439.0,1175.0,732.0,923.3333333333334,1165.6979166666667,357.86217086098014
2015-04-01,N05B,559.0,666.0,1332.0,1231.1875,608.0,665.6666666666666,1053.6666666666667,106.5003912355881
2015-05-01,N05B,608.0,559.0,772.0,1554.0,770.0,611.0,896.0,53.563046963368265
2015-06-01,N05B,624.0,608.0,666.0,1439.0,1028.0,597.0,760.1666666666666,33.86738844375212
2015-07-01,N05B,594.0,624.0,559.0,1332.0,1004.0,608.6666666666666,637.1666666666666,15.011106998930074
2015-08-01,N05B,829.0,594.0,608.0,772.0,1306.0,682.3333333333334,646.6666666666666,127.8997002863311
2015-09-01,N05B,716.0,829.0,624.0,666.0,1175.0,713.0,655.0,117.52871989433046
2015-10-01,N05B,642.0,716.0,594.0,559.0,1231.1875,729.0,668.8333333333334,94.17536832951592
2015-11-01,N05B,727.0,642.0,829.0,608.0,1554.0,695.0,688.6666666666666,46.22769732530476
2015-12-01,N05B,806.0,727.0,716.0,624.0,1439.0,725.0,719.0,82.01829064300225
2016-01-01,N05B,801.0,806.0,642.0,594.0,1332.0,778.0,753.5,44.23799272118921
2016-02-01,N05B,704.0,801.0,727.0,829.0,772.0,770.3333333333334,732.6666666666666,57.500724633115055
2016-03-01,N05B,735.0,704.0,806.0,716.0,666.0,746.6666666666666,735.8333333333334,49.541228621556456
2016-04-01,N05B,794.33333333,735.0,801.0,642.0,559.0,744.4444444433333,761.2222222216666,45.90126279046818
2016-05-01,N05B,868.6666667,794.33333333,704.0,727.0,608.0,799.3333333433333,784.8333333383333,66.97346076448656
2016-06-01,N05B,800.0,868.6666667,735.0,806.0,624.0,821.0000000099999,783.8333333383333,41.37766441921163
2016-07-01,N05B,767.5,800.0,794.33333333,801.0,594.0,812.0555555666666,778.250000005,51.64954915401454
2016-08-01,N05B,815.5,767.5,868.6666667,704.0,829.0,794.3333333333334,796.8333333383333,24.49659840331582
2016-09-01,N05B,899.0,815.5,800.0,735.0,716.0,827.3333333333334,824.1666666716666,66.54384519497903
2016-10-01,N05B,899.4999999629999,899.0,767.5,794.33333333,642.0,871.3333333209999,841.6944444438333,48.35373131715033
2016-11-01,N05B,684.500000007,899.4999999629999,815.5,868.6666667,727.0,827.6666666566666,810.999999995,123.98622233810222
2016-12-01,N05B,657.999999993,684.500000007,899.0,800.0,806.0,747.3333333209999,787.3333333271667,132.44464250353295
2017-01-01,N05B,1345.833333264,657.999999993,899.4999999629999,767.5,801.0,896.111111088,883.7222222045001,389.69618979324787
2017-02-01,N05B,543.7916666579999,1345.833333264,684.500000007,815.5,704.0,849.208333305,838.4374999808333,433.8642400440456
2017-03-01,N05B,485.0,543.7916666579999,657.999999993,899.0,735.0,791.5416666406667,769.4374999808333,480.9298844771041
2017-04-01,N05B,429.0,485.0,1345.833333264,899.4999999629999,794.33333333,485.93055555266665,691.0208333203333,57.40149069281883
2017-05-01,N05B,431.0,429.0,543.7916666579999,684.500000007,868.6666667,448.3333333333333,648.7708333191666,31.770006819849876
2017-06-01,N05B,472.0,431.0,485.0,657.999999993,800.0,444.0,617.7708333203333,24.269322199022653
2017-07-01,N05B,678.0,472.0,429.0,1345.833333264,767.5,527.0,506.46527777633327,132.36691429507593
2017-08-01,N05B,701.0,678.0,431.0,543.7916666579999,815.5,617.0,532.6666666666666,126.09916732476854
2017-09-01,N05B,659.0,701.0,472.0,485.0,899.0,679.3333333333334,561.6666666666666,21.03172207246255
2017-10-01,N05B,704.0,659.0,678.0,429.0,899.4999999629999,688.0,607.5,25.159491250817755
2017-11-01,N05B,567.0,704.0,701.0,431.0,684.500000007,643.3333333333334,630.1666666666666,69.83074776438608
2017-12-01,N05B,696.0,567.0,659.0,472.0,657.999999993,655.6666666666666,667.5,76.89169872836281
2018-01-01,N05B,654.0,696.0,704.0,678.0,1345.833333264,639.0,663.5,65.79513659838375
2018-02-01,N05B,787.0,654.0,567.0,701.0,543.7916666579999,712.3333333333334,677.8333333333334,67.987743993556
2018-03-01,N05B,1095.0,787.0,696.0,659.0,485.0,845.3333333333334,750.5,226.2130264448387
2018-04-01,N05B,953.0,1095.0,654.0,704.0,429.0,945.0,792.0,154.15576538034495
2018-05-01,N05B,756.0,953.0,787.0,567.0,431.0,934.6666666666666,823.5,170.24198463755434
2018-06-01,N05B,718.0,756.0,1095.0,696.0,472.0,809.0,827.1666666666666,126.14673994994857
2018-07-01,N05B,894.0,718.0,953.0,654.0,678.0,789.3333333333334,867.1666666666666,92.61389384608164
2018-08-01,N05B,730.0,894.0,756.0,787.0,701.0,780.6666666666666,857.6666666666666,98.3327683599586
2018-09-01,N05B,832.0,730.0,718.0,1095.0,659.0,818.6666666666666,813.8333333333334,82.80901722236099
2018-10-01,N05B,842.0,832.0,894.0,953.0,704.0,801.3333333333334,795.3333333333334,61.97849089267402
2018-11-01,N05B,733.6,842.0,730.0,756.0,567.0,802.5333333333333,791.6,59.90703909669773
2018-12-01,N05B,794.0,733.6,832.0,718.0,696.0,789.8666666666667,804.2666666666668,54.318075567284865
2019-01-01,N05B,858.6,794.0,842.0,894.0,654.0,795.4,798.3666666666668,62.511758893826844
2019-02-01,N05B,762.2,858.6,733.6,730.0,787.0,804.9333333333334,803.7333333333335,49.12121062568869
2019-03-01,N05B,927.2,762.2,794.0,832.0,1095.0,849.3333333333334,819.6,82.88940422836495
2019-04-01,N05B,880.2,927.2,858.6,842.0,953.0,856.5333333333334,825.9666666666667,85.00784277543626
2019-05-01,N05B,780.4,880.2,762.2,733.6,756.0,862.6,833.7666666666668,74.96585889589988
2019-06-01,N05B,614.0,780.4,927.2,794.0,718.0,758.1999999999999,803.7666666666668,134.48137417501331
2019-07-01,N05B,726.8,614.0,880.2,858.6,894.0,707.0666666666666,781.8000000000001,84.93699625801028
2019-08-01,N05B,699.0,726.8,780.4,762.2,730.0,679.9333333333333,771.2666666666668,58.767451308809044
2019-09-01,N05B,711.4,699.0,614.0,927.2,832.0,712.4,735.3000000000001,13.926952286840232
2019-10-01,N05B,267.0,711.4,726.8,880.2,842.0,559.1333333333333,633.1,253.0708464705747
2015-01-01,N05C,69.0,71.0,56.875,60.0,81.0,67.0,64.64583333333333,5.29150262212919
2015-02-01,N05C,33.0,69.0,61.0,90.0,100.0,57.666666666666664,55.145833333333336,21.385353243127255
2015-03-01,N05C,40.0,33.0,71.0,40.0,61.0,47.333333333333336,55.145833333333336,19.08751773629388
2015-04-01,N05C,15.0,40.0,69.0,56.875,52.0,29.333333333333332,48.166666666666664,12.897028081435403
2015-05-01,N05C,30.0,15.0,33.0,61.0,70.0,28.333333333333332,43.0,12.583057392117917
2015-06-01,N05C,36.0,30.0,40.0,71.0,71.0,27.0,37.166666666666664,10.816653826391969
2015-07-01,N05C,18.0,36.0,15.0,69.0,60.0,28.0,28.666666666666668,9.165151389911681
2015-08-01,N05C,45.0,18.0,30.0,33.0,90.0,33.0,30.666666666666668,13.74772708486752
2015-09-01,N05C,33.0,45.0,36.0,40.0,40.0,32.0,29.5,13.527749258468685
2015-10-01,N05C,22.0,33.0,18.0,15.0,56.875,33.333333333333336,30.666666666666668,11.503622617824933
2015-11-01,N05C,55.0,22.0,45.0,30.0,61.0,36.666666666666664,34.833333333333336,16.802777548171413
2015-12-01,N05C,82.0,55.0,33.0,36.0,71.0,53.0,42.5,30.049958402633436
2016-01-01,N05C,75.0,82.0,22.0,18.0,69.0,70.66666666666667,52.0,14.011899704655779
2016-02-01,N05C,60.0,75.0,55.0,45.0,33.0,72.33333333333333,54.5,11.23981020005821
2016-03-01,N05C,39.0,60.0,82.0,33.0,40.0,58.0,55.5,18.083141320025103
2016-04-01,N05C,53.0,39.0,75.0,22.0,15.0,50.666666666666664,60.666666666666664,10.69267662156359
2016-05-01,N05C,55.0,53.0,60.0,55.0,30.0,49.0,60.666666666666664,8.717797887081302
2016-06-01,N05C,48.0,55.0,39.0,82.0,36.0,52.0,55.0,3.605551275463879
2016-07-01,N05C,36.0,48.0,53.0,75.0,18.0,46.333333333333336,48.5,9.609023536933009
2016-08-01,N05C,36.0,36.0,55.0,60.0,45.0,40.0,44.5,6.928203230275455
2016-09-01,N05C,49.0,36.0,48.0,39.0,33.0,40.333333333333336,46.166666666666664,7.505553499465083
2016-10-01,N05C,38.0,49.0,36.0,53.0,22.0,41.0,43.666666666666664,6.999999999999944
2016-11-01,N05C,79.0,38.0,36.0,55.0,55.0,55.333333333333336,47.666666666666664,21.221058723195988
2016-12-01,N05C,51.0,79.0,49.0,48.0,82.0,56.0,48.166666666666664,20.952326839756942
2017-01-01,N05C,102.50000000200001,51.0,38.0,36.0,75.0,77.50000000066667,59.25000000033333,25.7827461696771
2017-02-01,N05C,36.500000001000004,102.50000000200001,79.0,36.0,60.0,63.33333333433334,59.33333333383334,34.68549168434596
2017-03-01,N05C,29.0,36.500000001000004,51.0,49.0,39.0,56.00000000100001,56.0000000005,40.444406289046945
2017-04-01,N05C,27.0,29.0,102.50000000200001,38.0,53.0,30.83333333366667,54.16666666716667,5.008326401004641
2017-05-01,N05C,63.0,27.0,36.500000001000004,79.0,55.0,39.666666666666664,51.5000000005,20.231987873991354
2017-06-01,N05C,30.0,63.0,29.0,51.0,48.0,40.0,48.0000000005,19.974984355438178
2017-07-01,N05C,45.0,30.0,27.0,102.50000000200001,36.0,46.0,38.41666666683333,16.522711641858297
2017-08-01,N05C,33.0,45.0,63.0,36.500000001000004,36.0,36.0,37.833333333333336,7.937253933193769
2017-09-01,N05C,60.0,33.0,30.0,29.0,49.0,46.0,43.0,13.527749258468672
2017-10-01,N05C,57.0,60.0,45.0,27.0,38.0,50.0,48.0,14.79864858694873
2017-11-01,N05C,42.0,57.0,33.0,63.0,79.0,53.0,44.5,9.643650760992934
2017-12-01,N05C,21.0,42.0,60.0,30.0,51.0,40.0,43.0,18.08314132002512
2018-01-01,N05C,30.0,21.0,57.0,45.0,102.50000000200001,31.0,40.5,10.535653752852742
2018-02-01,N05C,28.0,30.0,42.0,33.0,36.500000001000004,26.333333333333332,39.666666666666664,4.7258156262526265
2018-03-01,N05C,122.0,28.0,21.0,60.0,29.0,60.0,50.0,53.70288632839021
2018-04-01,N05C,57.0,122.0,30.0,57.0,27.0,69.0,50.0,48.13522618623495
2018-05-01,N05C,39.0,57.0,28.0,42.0,63.0,72.66666666666667,49.5,43.661577311560016
2018-06-01,N05C,49.0,39.0,122.0,21.0,30.0,48.333333333333336,54.166666666666664,9.018499505645826
2018-07-01,N05C,60.0,49.0,57.0,30.0,45.0,49.333333333333336,59.166666666666664,10.503967504392516
2018-08-01,N05C,59.0,60.0,39.0,28.0,33.0,56.0,64.33333333333333,6.082762530298239
2018-09-01,N05C,39.0,59.0,49.0,122.0,60.0,52.666666666666664,50.5,11.846237095944591
2018-10-01,N05C,75.0,39.0,60.0,57.0,57.0,57.666666666666664,53.5,18.03699901129158
2018-11-01,N05C,63.0,75.0,59.0,39.0,42.0,59.0,57.5,18.330302779823363
2018-12-01,N05C,84.0,63.0,39.0,49.0,21.0,74.0,63.333333333333336,10.535653752852701
2019-01-01,N05C,66.0,84.0,75.0,60.0,30.0,71.0,64.33333333333333,11.357816691600519
2019-02-01,N05C,36.0,66.0,63.0,59.0,28.0,62.0,60.5,24.24871130596428
2019-03-01,N05C,60.0,36.0,84.0,39.0,122.0,54.0,64.0,15.87450786638756
2019-04-01,N05C,64.0,60.0,66.0,75.0,57.0,53.333333333333336,62.166666666666664,15.143755588800747
2019-05-01,N05C,77.0,64.0,36.0,63.0,39.0,67.0,64.5,8.88819441731558
2019-06-01,N05C,78.0,77.0,60.0,84.0,49.0,73.0,63.5,7.8102496759066256
2019-07-01,N05C,56.0,78.0,64.0,66.0,60.0,70.33333333333333,61.833333333333336,12.42309676905614
2019-08-01,N05C,79.0,56.0,77.0,36.0,59.0,71.0,69.0,12.999999999999993
2019-09-01,N05C,51.0,79.0,78.0,60.0,39.0,62.0,67.5,14.933184523068087
2019-10-01,N05C,21.0,51.0,56.0,64.0,75.0,50.333333333333336,60.333333333333336,29.00574655707614
2015-01-01,R03,508.75,472.0,480.0,177.0,329.0,449.5833333333333,376.4583333333333,73.00356726443809
2015-02-01,R03,626.0,508.75,368.0,117.0,357.0,535.5833333333334,461.2916666666667,80.4302233823414
2015-03-01,R03,546.0,626.0,472.0,313.0,348.0,560.25,500.125,59.909828075199826
2015-04-01,R03,274.0,546.0,508.75,480.0,283.0,482.0,465.7916666666667,184.52100151473275
2015-05-01,R03,319.0,274.0,626.0,368.0,315.0,379.6666666666667,457.625,145.79551890690377
2015-06-01,R03,566.0,319.0,546.0,472.0,189.0,386.3333333333333,473.2916666666667,157.21429112308252
2015-07-01,R03,190.0,566.0,274.0,508.75,177.0,358.3333333333333,420.1666666666667,191.06107226050352
2015-08-01,R03,132.0,190.0,319.0,626.0,117.0,296.0,337.8333333333333,235.61833544951463
2015-09-01,R03,262.0,132.0,566.0,546.0,313.0,194.66666666666666,290.5,65.12551983157863
2015-10-01,R03,541.0,262.0,190.0,274.0,480.0,311.6666666666667,335.0,208.97448010064133
2015-11-01,R03,517.0,541.0,132.0,319.0,368.0,440.0,368.0,154.61888629789053
2015-12-01,R03,661.0,517.0,262.0,566.0,472.0,573.0,383.8333333333333,77.14920608794364
2016-01-01,R03,560.0,661.0,541.0,190.0,508.75,579.3333333333334,445.5,73.92112914000525
2016-02-01,R03,732.0,560.0,517.0,132.0,626.0,651.0,545.5,86.43494663618414
2016-03-01,R03,729.0,732.0,661.0,262.0,546.0,673.6666666666666,623.3333333333334,98.44964872122873
2016-04-01,R03,656.0,729.0,560.0,541.0,274.0,705.6666666666666,642.5,43.03874223688854
2016-05-01,R03,398.0,656.0,732.0,517.0,319.0,594.3333333333334,622.6666666666666,173.90322979557723
2016-06-01,R03,389.0,398.0,729.0,661.0,566.0,481.0,577.3333333333334,151.62123861781373
2016-07-01,R03,339.0,389.0,656.0,560.0,190.0,375.3333333333333,540.5,31.785741037977076
2016-08-01,R03,345.0,339.0,398.0,732.0,132.0,357.6666666666667,476.0,27.30079363925781
2016-09-01,R03,350.0,345.0,389.0,729.0,262.0,344.6666666666667,412.8333333333333,5.507570547286725
2016-10-01,R03,659.0,350.0,339.0,656.0,541.0,451.3333333333333,413.3333333333333,179.86198412486542
2016-11-01,R03,448.0,659.0,345.0,398.0,517.0,485.6666666666667,421.6666666666667,157.90609023509305
2016-12-01,R03,795.0,448.0,350.0,389.0,661.0,634.0,489.3333333333333,174.84564621402504
2017-01-01,R03,628.218750011,795.0,659.0,339.0,560.0,623.739583337,537.5364583351667,173.5433582727098
2017-02-01,R03,405.999999995,628.218750011,448.0,345.0,732.0,609.7395833353334,547.703125001,195.15726914912187
2017-03-01,R03,342.0,405.999999995,795.0,350.0,729.0,458.7395833353333,546.3697916676666,150.22114016558638
2017-04-01,R03,552.625,342.0,628.218750011,659.0,656.0,433.54166666500004,528.640625001,107.97976758852087
2017-05-01,R03,374.0,552.625,405.999999995,448.0,398.0,422.875,516.3072916676666,113.50020649760924
2017-06-01,R03,470.0,374.0,342.0,795.0,389.0,465.5416666666667,462.140625001,89.39591829794736
2017-07-01,R03,369.0,470.0,552.625,628.218750011,339.0,404.3333333333333,418.9374999991667,56.92392584259509
2017-08-01,R03,218.0,369.0,374.0,405.999999995,345.0,352.3333333333333,387.6041666666667,126.8240250636024
2017-09-01,R03,351.0,218.0,470.0,342.0,350.0,312.66666666666663,389.1041666666667,82.47625921035242
2017-10-01,R03,810.0,351.0,369.0,552.625,659.0,459.6666666666667,432.0,310.59995707233
2017-11-01,R03,568.0,810.0,218.0,374.0,448.0,576.3333333333334,464.3333333333333,229.61344327659316
2017-12-01,R03,641.0,568.0,351.0,470.0,795.0,673.0,492.8333333333333,124.13299319681259
2018-01-01,R03,643.0,641.0,810.0,369.0,628.218750011,617.3333333333334,538.5,42.73562136360313
2018-02-01,R03,671.75,643.0,568.0,218.0,405.999999995,651.9166666666666,614.125,17.2052559798816
2018-03-01,R03,793.0,671.75,641.0,351.0,342.0,702.5833333333334,687.7916666666666,79.61168779352218
2018-04-01,R03,715.0,793.0,643.0,810.0,552.625,726.5833333333334,671.9583333333334,61.449335499525525
2018-05-01,R03,469.0,715.0,671.75,568.0,374.0,659.0,655.4583333333334,169.1035185914235
2018-06-01,R03,315.0,469.0,793.0,641.0,470.0,499.6666666666667,601.125,201.755627761243
2018-07-01,R03,291.0,315.0,715.0,643.0,369.0,358.3333333333333,542.4583333333334,96.5884741226056
2018-08-01,R03,447.0,291.0,469.0,671.75,218.0,351.0,505.0,83.9999999999995
2018-09-01,R03,645.0,447.0,315.0,793.0,351.0,461.0,480.3333333333333,177.4147682691605
2018-10-01,R03,956.0,645.0,291.0,715.0,810.0,682.6666666666666,520.5,256.5820206743513
2018-11-01,R03,928.0,956.0,447.0,469.0,568.0,843.0,597.0,172.04359912533778
2018-12-01,R03,1086.0,928.0,645.0,315.0,641.0,990.0,725.5,84.30895563343154
2019-01-01,R03,1090.0,1086.0,956.0,291.0,643.0,1034.6666666666667,858.6666666666666,92.397691168845
2019-02-01,R03,711.0,1090.0,928.0,447.0,671.75,962.3333333333334,902.6666666666666,217.67023988899646
2019-03-01,R03,812.0,711.0,1086.0,645.0,793.0,871.0,930.5,196.26767436335493
2019-04-01,R03,629.0,812.0,1090.0,956.0,715.0,717.3333333333334,876.0,91.66424239218513
2019-05-01,R03,909.875000007,629.0,711.0,928.0,469.0,783.6250000023333,872.9791666678334,142.57119932119423
2019-06-01,R03,439.0,909.875000007,812.0,1086.0,315.0,659.2916666689999,765.1458333345,236.8945022791524
2019-07-01,R03,307.0,439.0,629.0,1090.0,291.0,551.9583333356667,634.6458333345,316.9136399886232
2019-08-01,R03,463.0,307.0,909.875000007,711.0,447.0,403.0,593.3125000011667,83.99999999999947
2019-09-01,R03,369.250000004,463.0,439.0,812.0,645.0,379.7500000013333,519.5208333351667,78.52825924441413
2019-10-01,R03,116.0,369.250000004,307.0,629.0,956.0,316.08333333466663,434.0208333351666,179.50562897454193
2015-01-01,R06,121.0,97.2,141.0625,194.8,132.6,119.60000000000001,149.19375,21.73384457476401
2015-02-01,R06,141.0,121.0,140.6,224.9,113.6,119.73333333333335,135.21041666666667,21.92745615280834
2015-03-01,R06,166.0,141.0,97.2,170.4,257.2,142.66666666666666,134.47708333333333,22.546248764114424
2015-04-01,R06,314.0,166.0,121.0,141.0625,220.7,207.0,163.29999999999998,93.50401060917116
2015-05-01,R06,504.5,314.0,141.0,140.6,352.4,328.1666666666667,223.95000000000002,169.69408750258012
2015-06-01,R06,370.1,504.5,166.0,97.2,353.0,396.2,269.43333333333334,97.89519906512258
2015-07-01,R06,382.7,370.1,314.0,121.0,194.8,419.09999999999997,313.05,74.22641039414461
2015-08-01,R06,264.6,382.7,504.5,141.0,224.9,339.1333333333334,333.65000000000003,64.85447812860193
2015-09-01,R06,212.0,264.6,370.1,166.0,170.4,286.43333333333334,341.31666666666666,87.41935331111357
2015-10-01,R06,207.0,212.0,382.7,314.0,141.0625,227.86666666666667,323.48333333333335,31.91008200135664
2015-11-01,R06,141.0,207.0,264.6,504.5,140.6,186.66666666666666,262.90000000000003,39.62743157628695
2015-12-01,R06,121.19,141.0,212.0,370.1,97.2,156.39666666666668,221.41500000000005,44.92918910166646
2016-01-01,R06,176.5,121.19,207.0,382.7,121.0,146.23,187.04833333333332,28.023449109629084
2016-02-01,R06,173.0,176.5,141.0,264.6,141.0,156.89666666666668,171.78166666666667,30.972359182556694
2016-03-01,R06,279.02,173.0,121.19,212.0,166.0,209.50666666666666,182.95166666666668,60.225743111507576
2016-04-01,R06,476.5,279.02,176.5,207.0,314.0,309.50666666666666,227.86833333333334,154.02967289887135
2016-05-01,R06,427.5,476.5,173.0,141.0,504.5,394.34,275.61833333333334,102.83130262716686
2016-06-01,R06,401.4,427.5,279.02,121.19,370.1,435.1333333333334,322.32,38.127461669160574
2016-07-01,R06,363.49,401.4,476.5,176.5,382.7,397.4633333333333,353.48499999999996,32.18606893258801
2016-08-01,R06,249.6,363.49,427.5,173.0,264.6,338.16333333333336,366.2516666666667,79.00563292154112
2016-09-01,R06,202.0,249.6,401.4,279.02,212.0,271.69666666666666,353.415,82.98163672363482
2016-10-01,R06,189.9,202.0,363.49,476.5,207.0,213.83333333333334,305.64833333333337,31.560154203255962
2016-11-01,R06,158.6,189.9,249.6,427.5,141.0,183.5,260.83166666666665,22.396651535440764
2016-12-01,R06,100.7,158.6,202.0,401.4,121.19,149.73333333333332,210.715,45.256196629116936
2017-01-01,R06,183.416666686,100.7,189.9,363.49,176.5,147.57222222866667,180.702777781,42.44668006854131
2017-02-01,R06,118.133333332,183.416666686,158.6,249.6,173.0,134.08333333933334,158.79166666966668,43.60405499590742
2017-03-01,R06,279.8,118.133333332,100.7,202.0,279.02,193.78333333933332,171.75833333633332,81.3303670901067
2017-04-01,R06,389.7,279.8,183.416666686,189.9,476.5,262.544444444,205.05833333633333,136.60318173253415
2017-05-01,R06,470.43,389.7,118.133333332,158.6,427.5,379.9766666666667,257.030000003,95.68624056432188
2017-06-01,R06,447.7,470.43,279.8,100.7,401.4,435.9433333333333,314.86333333633337,41.62928816750623
2017-07-01,R06,264.3,447.7,389.7,183.416666686,363.49,394.1433333333334,328.34388888866664,113.0204920947227
2017-08-01,R06,174.2,264.3,470.43,118.133333332,249.6,295.4,337.68833333333333,139.37707845983843
2017-09-01,R06,205.8,174.2,447.7,279.8,202.0,214.76666666666665,325.35499999999996,45.71436681540392
2017-10-01,R06,154.0,205.8,264.3,389.7,189.9,178.0,286.07166666666666,26.10823624835606
2017-11-01,R06,129.8,154.0,174.2,470.43,158.6,163.20000000000002,229.29999999999998,38.826279759976664
2017-12-01,R06,153.3,129.8,205.8,447.7,100.7,145.70000000000002,180.23333333333335,13.774251340816106
2018-01-01,R06,143.5,153.3,154.0,264.3,183.416666686,142.20000000000002,160.1,11.803812943281269
2018-02-01,R06,119.18,143.5,129.8,174.2,118.133333332,138.66,150.93000000000004,17.567378859692607
2018-03-01,R06,243.4,119.18,153.3,205.8,279.8,168.69333333333336,157.1966666666667,65.83069294283105
2018-04-01,R06,600.4,243.4,143.5,154.0,389.7,320.99333333333334,231.59666666666666,249.8173655559863
2018-05-01,R06,618.48,600.4,119.18,129.8,470.43,487.4266666666667,313.04333333333335,211.52655184003095
2018-06-01,R06,370.64,618.48,243.4,153.3,447.7,529.84,349.26666666666665,138.16729569619565
2018-07-01,R06,379.0,370.64,600.4,143.5,264.3,456.03999999999996,388.51666666666665,140.7392539414643
2018-08-01,R06,303.3,379.0,618.48,119.18,174.2,350.98,419.2033333333334,41.50312277407542
2018-09-01,R06,277.3,303.3,370.64,243.4,205.8,319.8666666666667,424.8533333333333,52.83524707364689
2018-10-01,R06,224.7,277.3,379.0,600.4,154.0,268.43333333333334,362.2366666666667,40.04314339975465
2018-11-01,R06,136.7,224.7,303.3,618.48,129.8,212.9,281.94,71.03886260350725
2018-12-01,R06,169.8,136.7,277.3,370.64,153.3,177.0666666666667,248.46666666666667,44.44775959858173
2019-01-01,R06,121.6,169.8,224.7,379.0,143.5,142.70000000000002,205.5666666666667,24.653802952079864
2019-02-01,R06,198.3,121.6,136.7,303.3,119.18,163.23333333333335,188.0666666666667,38.769360754767625
2019-03-01,R06,525.0,198.3,169.8,277.3,243.4,281.6333333333334,229.35,214.22236889114387
2019-04-01,R06,525.9,525.0,121.6,224.7,600.4,416.40000000000003,279.55,188.8806766188643
2019-05-01,R06,397.6,525.9,198.3,136.7,618.48,482.8333333333333,323.0333333333333,73.81560358984633
2019-06-01,R06,488.12,397.6,525.0,169.8,370.64,470.54,376.08666666666664,65.93189516463181
2019-07-01,R06,306.6,488.12,525.9,121.6,379.0,397.44000000000005,406.92,90.76010577340685
2019-08-01,R06,277.8,306.6,397.6,198.3,303.3,357.5066666666667,420.17,114.027374491099
2019-09-01,R06,348.4,277.8,488.12,525.0,277.3,310.9333333333334,390.7366666666667,35.498920171370415
2019-10-01,R06,35.39,348.4,306.6,525.9,224.7,220.53000000000006,308.985,164.17583470170027
